{
    "WDS": {
        "cash_flow_increase_rate": 0.4701435746854717,
        "dcf_valuation_per_share": 39.13306461318119,
        "dcf_discount_per_share": 16.05806461318119,
        "dcf_discount_ratio": 1.6959074588594232
    },
    "CRH": {
        "cash_flow_increase_rate": 0.7922623028970935,
        "dcf_valuation_per_share": 212.63389710063217,
        "dcf_discount_per_share": 162.88389710063217,
        "dcf_discount_ratio": 4.27404818292728
    },
    "MRC": {
        "cash_flow_increase_rate": 0.3434140123115114,
        "dcf_valuation_per_share": 12.465055859694468,
        "dcf_discount_per_share": 2.5150558596944688,
        "dcf_discount_ratio": 1.2527694331351225
    }
}