{
    "ARE": {
        "cash_flow_increase_rate": 0.2392130520381969,
        "dcf_valuation_per_share": 304.273247747711,
        "dcf_discount_per_share": 183.71324774771102,
        "dcf_discount_ratio": 2.5238325128376826
    },
    "AMD": {
        "cash_flow_increase_rate": 0.983432474318688,
        "dcf_valuation_per_share": 153.81618446579577,
        "dcf_discount_per_share": 57.07518446579577,
        "dcf_discount_ratio": 1.5899792690358356
    },
    "AMT": {
        "cash_flow_increase_rate": 0.8584430064511671,
        "dcf_valuation_per_share": 287.65856556701016,
        "dcf_discount_per_share": 91.80856556701016,
        "dcf_discount_ratio": 1.4687698012101618
    },
    "APTV": {
        "cash_flow_increase_rate": 0.8728816327324626,
        "dcf_valuation_per_share": 178.94615715922455,
        "dcf_discount_per_share": 85.77615715922455,
        "dcf_discount_ratio": 1.9206413776883606
    },
    "BA": {
        "cash_flow_increase_rate": 0.8892565901632735,
        "dcf_valuation_per_share": 444.7870568311259,
        "dcf_discount_per_share": 242.40705683112589,
        "dcf_discount_ratio": 2.197781682138185
    },
    "BXP": {
        "cash_flow_increase_rate": 0.9707740709964713,
        "dcf_valuation_per_share": 660.6729490834886,
        "dcf_discount_per_share": 612.0479490834886,
        "dcf_discount_ratio": 13.587104351331384
    },
    "DLR": {
        "cash_flow_increase_rate": 0.33703371019792455,
        "dcf_valuation_per_share": 169.79758266484126,
        "dcf_discount_per_share": 71.84758266484125,
        "dcf_discount_ratio": 1.7335128398656585
    },
    "DOV": {
        "cash_flow_increase_rate": 0.7405497720512354,
        "dcf_valuation_per_share": 181.38557369141185,
        "dcf_discount_per_share": 42.27057369141184,
        "dcf_discount_ratio": 1.3038534571499252
    },
    "DUK": {
        "cash_flow_increase_rate": 0.7311876206000459,
        "dcf_valuation_per_share": 97.06999489234543,
        "dcf_discount_per_share": 0.6899948923454389,
        "dcf_discount_ratio": 1.0071591086568317
    },
    "EXR": {
        "cash_flow_increase_rate": 0.795333832606361,
        "dcf_valuation_per_share": 344.8736816849022,
        "dcf_discount_per_share": 192.19368168490217,
        "dcf_discount_ratio": 2.25880063980156
    },
    "F": {
        "cash_flow_increase_rate": 0.467749545430743,
        "dcf_valuation_per_share": 23.536948277029428,
        "dcf_discount_per_share": 11.891948277029428,
        "dcf_discount_ratio": 2.021206378448212
    },
    "HST": {
        "cash_flow_increase_rate": 0.9126121835956139,
        "dcf_valuation_per_share": 17.522219417984022,
        "dcf_discount_per_share": 0.6372194179840207,
        "dcf_discount_ratio": 1.0377387869697376
    },
    "KEY": {
        "cash_flow_increase_rate": 0.7222812795210812,
        "dcf_valuation_per_share": 429.2468974317226,
        "dcf_discount_per_share": 419.69189743172257,
        "dcf_discount_ratio": 44.92379878929593
    },
    "NDAQ": {
        "cash_flow_increase_rate": 0.9861947317870454,
        "dcf_valuation_per_share": 402.20718967066233,
        "dcf_discount_per_share": 346.9671896706623,
        "dcf_discount_ratio": 7.28108598245225
    },
    "NXPI": {
        "cash_flow_increase_rate": 0.8995000755842995,
        "dcf_valuation_per_share": 372.6863497946564,
        "dcf_discount_per_share": 205.2863497946564,
        "dcf_discount_ratio": 2.2263222807327145
    },
    "RJF": {
        "cash_flow_increase_rate": 0.7819103999303293,
        "dcf_valuation_per_share": 614.5859814643668,
        "dcf_discount_per_share": 528.1859814643668,
        "dcf_discount_ratio": 7.113263674356097
    },
    "O": {
        "cash_flow_increase_rate": 0.34830607712486783,
        "dcf_valuation_per_share": 139.3541101675351,
        "dcf_discount_per_share": 77.3641101675351,
        "dcf_discount_ratio": 2.2480095203667543
    },
    "SYF": {
        "cash_flow_increase_rate": 0.14153628695720707,
        "dcf_valuation_per_share": 151.44871395713056,
        "dcf_discount_per_share": 123.54371395713056,
        "dcf_discount_ratio": 5.427296683645603
    },
    "TDY": {
        "cash_flow_increase_rate": 0.9138387233299898,
        "dcf_valuation_per_share": 988.8986556266811,
        "dcf_discount_per_share": 576.4636556266812,
        "dcf_discount_ratio": 2.3977078948844817
    },
    "WELL": {
        "cash_flow_increase_rate": 0.6480697643407946,
        "dcf_valuation_per_share": 194.5560419916,
        "dcf_discount_per_share": 114.6560419916,
        "dcf_discount_ratio": 2.434994267729662
    },
    "ZION": {
        "cash_flow_increase_rate": 0.7171233023848546,
        "dcf_valuation_per_share": 740.0767012946864,
        "dcf_discount_per_share": 715.9567012946864,
        "dcf_discount_ratio": 30.68311365235018
    }
}