{
    "F": {
        "cash_flow_increase_rate": 0.467749545430743,
        "dcf_valuation_per_share": 19.540925277731255,
        "dcf_discount_per_share": 7.150925277731254,
        "dcf_discount_ratio": 1.5771529683398913
    },
    "TDY": {
        "cash_flow_increase_rate": 0.9138387233299898,
        "dcf_valuation_per_share": 850.5376325806023,
        "dcf_discount_per_share": 453.11763258060233,
        "dcf_discount_ratio": 2.1401480362855474
    },
    "WELL": {
        "cash_flow_increase_rate": 0.6480697643407946,
        "dcf_valuation_per_share": 172.33188916208815,
        "dcf_discount_per_share": 96.57188916208814,
        "dcf_discount_ratio": 2.2747081462788823
    }
}