{
    "ARE": {
        "cash_flow_increase_rate": 0.2392130520381969,
        "dcf_valuation_per_share": 304.273247747711,
        "dcf_discount_per_share": 188.90324774771102,
        "dcf_discount_ratio": 2.6373688805383635
    },
    "AMD": {
        "cash_flow_increase_rate": 0.983432474318688,
        "dcf_valuation_per_share": 153.81618446579577,
        "dcf_discount_per_share": 35.95618446579577,
        "dcf_discount_ratio": 1.3050753815187153
    },
    "AMT": {
        "cash_flow_increase_rate": 0.8584430064511671,
        "dcf_valuation_per_share": 287.65856556701016,
        "dcf_discount_per_share": 96.50856556701015,
        "dcf_discount_ratio": 1.5048839422809843
    },
    "APTV": {
        "cash_flow_increase_rate": 0.8728816327324626,
        "dcf_valuation_per_share": 178.94615715922455,
        "dcf_discount_per_share": 85.25615715922456,
        "dcf_discount_ratio": 1.9099813977929827
    },
    "BA": {
        "cash_flow_increase_rate": 0.8892565901632735,
        "dcf_valuation_per_share": 444.7870568311259,
        "dcf_discount_per_share": 231.4670568311259,
        "dcf_discount_ratio": 2.085069645748762
    },
    "BXP": {
        "cash_flow_increase_rate": 0.9707740709964713,
        "dcf_valuation_per_share": 660.6729490834886,
        "dcf_discount_per_share": 610.0329490834886,
        "dcf_discount_ratio": 13.046464239405383
    },
    "DLR": {
        "cash_flow_increase_rate": 0.33703371019792455,
        "dcf_valuation_per_share": 169.79758266484126,
        "dcf_discount_per_share": 64.49758266484126,
        "dcf_discount_ratio": 1.6125126558864318
    },
    "DOV": {
        "cash_flow_increase_rate": 0.7405497720512354,
        "dcf_valuation_per_share": 181.38557369141185,
        "dcf_discount_per_share": 41.525573691411836,
        "dcf_discount_ratio": 1.2969081488017433
    },
    "DUK": {
        "cash_flow_increase_rate": 0.7311876206000459,
        "dcf_valuation_per_share": 97.06999489234543,
        "dcf_discount_per_share": 7.3899948923454275,
        "dcf_discount_ratio": 1.0824040465248153
    },
    "EXR": {
        "cash_flow_increase_rate": 0.795333832606361,
        "dcf_valuation_per_share": 344.87625580756674,
        "dcf_discount_per_share": 198.82625580756672,
        "dcf_discount_ratio": 2.3613574516094946
    },
    "F": {
        "cash_flow_increase_rate": 0.467749545430743,
        "dcf_valuation_per_share": 23.536948277029428,
        "dcf_discount_per_share": 11.146948277029427,
        "dcf_discount_ratio": 1.8996729844252966
    },
    "KEY": {
        "cash_flow_increase_rate": 0.7222812795210812,
        "dcf_valuation_per_share": 429.2468974317226,
        "dcf_discount_per_share": 418.9668974317226,
        "dcf_discount_ratio": 41.75553476962282
    },
    "NDAQ": {
        "cash_flow_increase_rate": 0.9861947317870454,
        "dcf_valuation_per_share": 402.20718967066233,
        "dcf_discount_per_share": 345.87718967066235,
        "dcf_discount_ratio": 7.140195094455216
    },
    "NXPI": {
        "cash_flow_increase_rate": 0.8995000755842995,
        "dcf_valuation_per_share": 372.6863497946564,
        "dcf_discount_per_share": 191.0863497946564,
        "dcf_discount_ratio": 2.052237609001412
    },
    "RJF": {
        "cash_flow_increase_rate": 0.7819103999303293,
        "dcf_valuation_per_share": 614.5859814643668,
        "dcf_discount_per_share": 520.2359814643668,
        "dcf_discount_ratio": 6.513894875086029
    },
    "O": {
        "cash_flow_increase_rate": 0.34830607712486783,
        "dcf_valuation_per_share": 139.3541101675351,
        "dcf_discount_per_share": 79.65411016753511,
        "dcf_discount_ratio": 2.3342397012987455
    },
    "SYF": {
        "cash_flow_increase_rate": 0.14153628695720707,
        "dcf_valuation_per_share": 151.44871395713056,
        "dcf_discount_per_share": 118.40871395713057,
        "dcf_discount_ratio": 4.583798848581433
    },
    "TDY": {
        "cash_flow_increase_rate": 0.9138387233299898,
        "dcf_valuation_per_share": 988.8986556266811,
        "dcf_discount_per_share": 591.4786556266811,
        "dcf_discount_ratio": 2.4882961492292313
    },
    "WELL": {
        "cash_flow_increase_rate": 0.6480697643407946,
        "dcf_valuation_per_share": 194.5560419916,
        "dcf_discount_per_share": 118.7960419916,
        "dcf_discount_ratio": 2.5680575764466735
    },
    "ZION": {
        "cash_flow_increase_rate": 0.7171233023848546,
        "dcf_valuation_per_share": 740.0767012946864,
        "dcf_discount_per_share": 711.0067012946863,
        "dcf_discount_ratio": 25.458434857058354
    }
}